Date,air_temperature,rel_humidity,precipitation,wind_speed,wind_direction,radiation,radiation_short
2021-01-01,2.200416666666667,97.29875,0.0,1.4679166666666665,265.9483333333333,16.99833333333333,20.125
2021-01-02,2.526666666666667,100.0,0.041666666666666664,2.6625,193.87208333333334,4.779166666666667,20.375
2021-01-03,5.505,91.73458333333333,0.0,2.925416666666667,75.16208333333334,11.799583333333333,155.97083333333333
2021-01-04,12.931666666666667,76.10333333333334,0.0,1.9324999999999999,136.99095238095236,35.04565217391304,264.125
2021-01-05,6.9629166666666675,80.48291666666667,0.0,1.4970833333333333,249.45375,83.13166666666667,179.96666666666667
2021-01-06,19.384166666666665,59.36541666666667,0.0,2.4291666666666667,110.95666666666666,117.42833333333334,312.62624999999997
2021-01-07,15.380416666666667,89.46,0.05833333333333333,1.9495833333333332,268.11333333333334,34.74666666666667,51.44875
2021-01-08,16.02375,95.79541666666667,0.041666666666666664,0.7225,237.88541666666666,15.743749999999999,288.2875
2021-01-09,17.00916666666667,90.52416666666666,0.0,1.2504166666666665,95.9875,13.703333333333333,183.125
2021-01-10,12.887916666666667,93.48208333333334,0.19166666666666665,2.3804166666666666,206.99749999999997,11.944583333333334,193.63750000000002
2021-01-11,8.831249999999999,96.8075,0.2333333333333333,2.8874999999999997,212.3166666666667,5.4090476190476195,133.96666666666667
2021-01-12,8.015833333333333,98.64583333333333,0.48333333333333334,4.258333333333334,243.6475,1.6821052631578948,85.8625
2021-01-13,2.66125,99.77625,0.05833333333333334,1.2529166666666667,234.03166666666667,6.1475,23.316666666666666
2021-01-14,1.5625,99.23541666666667,0.39999999999999997,2.77,113.24708333333332,4.159583333333333,20.375
2021-01-15,0.54125,89.29083333333334,0.008333333333333333,2.981666666666667,130.17666666666668,5.1033333333333335,21.829166666666666
2021-01-16,-0.57875,96.39041666666667,0.0,3.014583333333333,205.4695833333333,3.8004166666666666,24.695833333333336
2021-01-17,3.4658333333333338,98.54458333333334,0.016666666666666666,3.9,270.45958333333334,7.949166666666667,16.337500000000002
2021-01-18,2.9658333333333338,99.61416666666666,0.025000000000000005,5.589583333333334,231.39791666666667,7.890416666666667,12.491666666666667
2021-01-19,5.576250000000001,99.09875,0.19166666666666665,11.172083333333333,224.39958333333334,3.3820833333333336,10.7875
2021-01-20,8.074166666666667,82.22583333333334,0.0,9.208333333333334,203.74291666666667,8.882916666666667,15.079166666666666
2021-01-21,7.163333333333334,89.86375,0.31666666666666665,10.777083333333332,210.40874999999997,9.4125,22.108333333333334
2021-01-22,2.888333333333333,97.855,0.03333333333333333,3.3833333333333333,230.87708333333333,10.043333333333333,21.883333333333336
2021-01-23,1.9216666666666666,99.73916666666666,0.07500000000000001,3.195,215.80083333333334,4.73375,18.970833333333335
2021-01-24,0.5833333333333334,97.92083333333333,0.15,3.609166666666667,210.58,9.584999999999999,26.349999999999998
2021-01-25,2.24625,94.37416666666667,0.018181818181818184,2.00375,224.63208333333333,16.137916666666666,32.49583333333333
2021-01-26,2.62125,92.34750000000001,0.0,5.282916666666666,242.1975,13.912083333333333,39.012499999999996
2021-01-27,2.9324999999999997,99.63166666666666,0.03333333333333333,5.677499999999999,219.34583333333333,4.0633333333333335,19.241666666666667
2021-01-28,7.969166666666666,99.80916666666667,0.525,5.252083333333333,223.81083333333333,3.950416666666667,14.029166666666667
2021-01-29,8.53,97.7475,0.26666666666666666,7.534166666666667,253.43791666666667,7.992083333333333,11.987499999999999
2021-01-30,1.7808333333333335,99.51958333333333,0.31666666666666665,7.554166666666667,103.83666666666666,4.024166666666667,46.90833333333333
2021-01-31,-0.3658333333333334,99.10083333333334,0.125,6.39375,84.11416666666666,8.711666666666668,52.775
2021-02-01,2.63625,99.7375,0.008333333333333333,0.9854166666666666,214.95000000000002,9.851249999999999,19.829166666666666
2021-02-02,7.06375,99.68083333333334,0.40833333333333327,4.647083333333334,203.63541666666666,7.46625,21.608333333333334
2021-02-03,7.857916666666667,84.22375,0.0,1.4045833333333333,127.83125,14.758333333333333,50.74583333333334
2021-02-04,6.297083333333333,84.22791666666667,0.0,3.265416666666667,77.015,47.63291666666667,259.90416666666664
2021-02-05,7.795416666666667,73.24125,0.024999999999999998,1.5716666666666665,272.185,85.93458333333332,144.17499999999998
2021-02-06,20.796666666666667,62.05708333333333,0.016666666666666666,1.7841666666666667,139.21208333333334,101.05304347826088,295.29583333333335
2021-02-07,17.574166666666667,83.00166666666667,0.0,0.2525,227.60041666666666,44.395384615384614,81.29166666666667
2021-02-08,16.305,88.36958333333332,0.09166666666666667,0.3433333333333333,179.23708333333332,13.540526315789473,274.4291666666667
2021-02-09,17.467916666666667,87.57666666666667,0.0,1.1354166666666667,71.7925,28.97375,65.47083333333333
2021-02-10,13.393749999999999,98.68166666666667,0.35833333333333334,2.2287500000000002,194.99375,10.2625,227.09583333333333
2021-02-11,6.864166666666667,99.23166666666667,0.041666666666666664,1.2175,227.39666666666668,11.655000000000001,128.82500000000002
2021-02-12,2.982083333333333,98.34541666666667,0.21666666666666667,0.4979166666666666,286.92125,,99.37083333333334
2021-02-13,-3.8825000000000003,68.62083333333334,0.0,3.7529166666666662,98.28333333333335,11.804583333333333,88.49166666666666
2021-02-14,-0.49875,54.47291666666666,0.0,1.7645833333333334,145.08291666666668,10.652916666666668,82.09583333333333
2021-02-15,3.765416666666667,92.25875,0.15833333333333335,1.57125,204.75125,1.9520833333333334,20.974999999999998
2021-02-16,7.959166666666667,91.66833333333334,0.13333333333333333,1.6500000000000001,235.10041666666666,6.322083333333333,56.74583333333334
2021-02-17,9.429166666666667,90.88541666666667,0.0,1.5229166666666665,227.30208333333334,8.004583333333333,88.60000000000001
2021-02-18,8.065,89.07291666666667,0.09999999999999999,2.134583333333333,206.3033333333333,3.5729166666666665,152.40833333333333
2021-02-19,7.028333333333333,95.56958333333334,0.008333333333333333,1.0041666666666667,193.0354166666667,6.846666666666667,163.63333333333335
2021-02-20,12.694583333333334,76.26958333333333,0.0,1.8404166666666668,182.73749999999998,11.913333333333334,193.67499999999998
2021-02-21,12.484166666666667,71.32000000000001,0.0,1.16875,152.14041666666665,11.759166666666667,195.14583333333334
2021-02-22,12.4775,68.69291666666668,0.0,0.6641666666666667,228.11458333333334,6.916250000000001,196.22083333333333
2021-02-23,13.392916666666666,81.66916666666667,0.0,1.4124999999999999,208.6916666666667,10.28875,139.6875
2021-02-24,13.832916666666668,80.49833333333333,0.0,1.16,182.99125,14.034166666666666,164.44166666666666
2021-02-25,10.969166666666666,89.82041666666667,0.008333333333333333,1.165,250.85708333333332,6.9816666666666665,199.73749999999998
2021-02-26,7.365416666666667,84.77875,0.016666666666666666,1.18375,226.8025,13.449583333333331,46.087500000000006
2021-02-27,2.57125,99.66958333333334,0.008333333333333333,1.405,142.82916666666668,4.784166666666667,170.51250000000002
2021-02-28,5.994166666666666,89.06124999999999,0.0,2.7608333333333337,71.24625,14.142916666666666,129.06666666666666
2021-03-01,3.1804166666666664,93.505,0.0,2.149583333333333,76.90708333333333,4.576666666666667,14.674999999999999
2021-03-02,8.611666666666666,98.18958333333335,0.85,6.342083333333334,220.0675,8.238333333333333,16.845833333333335
2021-03-03,8.891250000000001,88.27083333333333,0.0,1.1954166666666666,165.08208333333332,11.929166666666667,172.05416666666667
2021-03-04,7.29375,72.80791666666667,0.0,3.2270833333333333,70.99909090909091,40.647083333333335,242.32500000000002
2021-03-05,9.300416666666667,67.74249999999999,0.0,3.095833333333333,222.88958333333335,84.75166666666667,311.5
2021-03-06,20.60833333333333,82.33916666666666,0.0,0.8920833333333333,229.54708333333335,14.766363636363637,260.49583333333334
2021-03-07,19.310416666666665,86.64333333333333,0.0,0.8954166666666666,184.55666666666664,13.673333333333334,127.50416666666666
2021-03-08,16.584583333333335,85.51041666666667,0.075,0.6045833333333334,184.7591666666667,39.492916666666666,240.04999999999998
2021-03-09,17.65125,88.16166666666668,0.0,1.0716666666666665,81.70833333333333,31.10565217391304,61.29583333333334
2021-03-10,13.1,99.62583333333333,1.0250000000000001,1.8904166666666666,223.30208333333334,10.173333333333334,226.9375
2021-03-11,5.678333333333334,97.06625000000001,0.15,0.45166666666666666,209.42666666666665,8.917391304347825,124.32083333333333
2021-03-12,2.6658333333333335,98.7575,0.008333333333333333,2.2025,216.55791666666667,,103.39583333333333
2021-03-13,7.542916666666667,80.56958333333334,0.25833333333333336,4.625416666666667,267.2583333333333,32.29875,107.8
2021-03-14,6.3445833333333335,84.68583333333333,0.10833333333333334,2.8958333333333335,289.6458333333333,29.144583333333333,218.6625
2021-03-15,7.259166666666666,85.34083333333332,0.075,2.8312500000000003,247.1208333333333,28.670416666666664,233.94916666666666
2021-03-16,5.648333333333333,99.09583333333335,0.25,1.2841666666666667,259.2504166666667,13.65875,169.48749999999998
2021-03-17,6.09375,95.805,0.06666666666666667,2.90875,109.6875,17.26625,232.76041666666666
2021-03-18,5.564166666666666,96.72000000000001,0.041666666666666664,1.5491666666666666,154.78,19.362083333333334,243.22083333333333
2021-03-19,5.3429166666666665,77.74291666666666,0.0,3.405416666666667,85.15833333333333,81.02125,246.57375
2021-03-20,5.454999999999999,82.55708333333334,0.0,1.820833333333333,136.11041666666668,76.09333333333333,174.60833333333335
2021-03-21,6.64875,86.5425,0.0,2.4991666666666665,139.59708333333333,18.38,65.30416666666666
2021-03-22,6.08625,86.065,0.0,1.0220833333333335,184.74041666666668,22.047916666666666,165.95
2021-03-23,7.28875,84.425,0.0,1.10375,257.2441666666667,66.95458333333333,242.9125
2021-03-24,9.303333333333333,78.4875,0.0,1.2183333333333333,243.01041666666666,58.16916666666666,244.9625
2021-03-25,9.002083333333333,84.61583333333333,0.041666666666666664,1.26875,232.61041666666665,40.5504347826087,139.65416666666667
2021-03-26,8.972916666666666,83.54875,0.11666666666666665,1.6720833333333334,211.18458333333334,41.85583333333333,260.75416666666666
2021-03-27,7.521249999999999,74.515,0.008333333333333333,2.8791666666666664,254.0895833333333,60.884166666666665,256.46666666666664
2021-03-28,9.743913043478262,77.63782608695652,0.0,2.407391304347826,227.94173913043477,59.80434782608695,67.43478260869566
2021-03-29,12.919583333333334,67.76458333333333,0.0,1.2775,225.86458333333334,82.60291666666667,261.48041666666666
2021-03-30,14.89125,59.07208333333333,0.0,0.9895833333333334,171.29583333333335,91.73470588235294,236.00416666666663
2021-03-31,16.460833333333333,55.585,0.0,0.5130434782608695,212.50791666666666,74.80208333333333,268.0133333333333
2021-04-01,2.59625,97.40125,0.075,3.3804166666666666,68.84125,2.877083333333333,14.204166666666666
2021-04-02,6.598333333333334,97.29166666666667,0.016666666666666666,3.0187500000000003,181.90083333333334,15.17875,25.470833333333335
2021-04-03,4.591666666666667,99.46541666666667,0.09999999999999999,1.6429166666666666,122.66875,1.4854166666666666,151.82916666666668
2021-04-04,6.3945454545454545,77.28090909090909,0.0,1.6886363636363635,149.60125,24.487391304347828,59.762499999999996
2021-04-05,10.002173913043478,78.34739130434782,0.5583333333333333,8.685,250.43416666666667,45.68,291.0
2021-04-06,18.618333333333336,89.0775,0.15,1.72,172.53,71.74791666666667,71.875
2021-04-07,17.267916666666668,94.57666666666667,1.1166666666666667,0.26,203.95291666666665,5.005,262.72083333333336
2021-04-08,16.206666666666667,87.22916666666667,0.6083333333333333,0.39166666666666666,182.11208333333332,19.540000000000003,290.3208333333333
2021-04-09,16.454583333333332,96.04833333333333,0.008333333333333333,1.3033333333333335,77.85291666666667,13.598333333333334,103.70833333333333
2021-04-10,13.024583333333332,92.11541666666666,0.0,1.2945833333333334,203.5270833333333,15.245714285714286,213.15833333333333
2021-04-11,6.21,99.17083333333333,0.19999999999999998,0.6966666666666667,260.67125,4.905714285714286,154.25
2021-04-12,4.747083333333333,98.185,0.19999999999999998,1.0658333333333332,217.27875000000003,0.005,83.31166666666667
2021-04-13,3.476,76.19200000000001,0.0,0.9035294117647058,110.112,61.51416666666666,118.98333333333333
2021-04-14,5.46,68.16000000000001,0.0,1.3820000000000001,,56.65208333333333,251.9125
2021-04-15,2.3783333333333334,96.74666666666667,0.0,0.5916666666666667,,51.1525,279.97499999999997
2021-04-16,6.076666666666667,72.835,0.0,2.058333333333333,73.02,60.90708333333333,89.08333333333333
2021-04-17,6.6819999999999995,75.884,0.0,2.63,,97.82833333333333,61.79583333333334
2021-04-18,7.535882352941176,83.64764705882352,0.0,1.3622222222222222,152.4475,91.63583333333334,200.70000000000002
2021-04-19,12.833333333333334,72.25111111111111,0.06666666666666667,2.728888888888889,251.06791666666666,70.15166666666667,31.704166666666666
2021-04-20,13.331818181818182,74.09909090909092,0.008333333333333333,1.3863636363636365,175.98375,95.54124999999999,301.325
2021-04-21,13.282222222222224,69.84444444444443,0.0,3.675,128.99208333333334,91.34041666666667,297.96458333333334
2021-04-22,8.266,67.889,0.0,2.3285,47.23666666666667,99.25333333333333,288.8666666666667
2021-04-23,3.008,89.566,0.0,0.47800000000000004,64.705,107.88041666666668,274.19166666666666
2021-04-24,,,0.0,,66.64999999999999,106.06291666666668,286.06666666666666
2021-04-25,,,0.0,,53.100833333333334,98.37333333333333,261.03333333333336
2021-04-26,,,0.0,0.1679166666666667,50.84125,103.18958333333335,298.7729166666667
2021-04-27,,,0.0,0.0,100.50583333333333,106.34541666666667,293.54583333333335
2021-04-28,14.621333333333332,46.548,0.0,1.4665217391304346,123.39666666666666,83.25791666666667,63.07916666666666
2021-04-29,8.002916666666666,84.45541666666666,0.25,2.3433333333333333,279.18,35.53333333333334,63.237500000000004
2021-04-30,6.672083333333333,84.16666666666667,0.0,1.4454166666666666,231.67666666666665,64.18583333333333,301.5529166666667
2021-05-01,1.5654166666666667,99.77666666666666,0.016666666666666666,5.347083333333334,56.040416666666665,1.71375,9.283333333333333
2021-05-02,6.740416666666667,98.95291666666667,0.0,1.765,159.04916666666665,12.384583333333333,17.724999999999998
2021-05-03,3.717916666666667,71.02,0.0,2.7475,57.815,17.129166666666666,54.62083333333334
2021-05-04,4.320833333333334,80.19125,0.025000000000000005,3.15625,179.54714285714286,23.325833333333335,179.375
2021-05-05,7.4383333333333335,76.06666666666666,0.10833333333333334,3.1366666666666667,265.95125,75.39083333333333,74.00833333333334
2021-05-06,14.418333333333335,96.78541666666666,0.008333333333333333,2.5516666666666667,301.20708333333334,13.15625,271.575
2021-05-07,16.750416666666666,92.65625,0.11666666666666665,0.48374999999999996,213.18958333333333,16.609285714285715,266.2125
2021-05-08,18.515,85.59875,0.008333333333333333,0.7729166666666667,211.44875000000002,42.56583333333334,292.25
2021-05-09,18.453333333333333,87.53458333333333,0.0,0.4925,80.38208333333334,16.61947368421053,197.25833333333333
2021-05-10,12.610416666666666,96.90041666666667,0.39166666666666666,2.1804166666666664,204.61625,12.964500000000001,210.35
2021-05-11,6.908333333333334,99.96083333333333,0.09166666666666667,0.57375,234.85041666666666,11.2675,117.53333333333335
2021-05-12,3.7225,98.36333333333333,0.09166666666666667,0.5379166666666667,225.20916666666668,,81.28333333333333
2021-05-13,11.379166666666668,89.38875,0.008333333333333333,2.2616666666666667,177.41208333333336,67.38166666666667,142.99583333333334
2021-05-14,11.08625,90.90333333333332,0.27499999999999997,1.8099999999999998,229.67208333333335,67.6525,300.68541666666664
2021-05-15,10.249166666666666,95.46249999999999,0.20000000000000004,2.6179166666666664,212.56708333333333,44.23458333333334,267.3875
2021-05-16,11.294166666666667,92.06833333333333,0.15833333333333335,3.497083333333333,238.81458333333333,66.59458333333333,98.36958333333332
2021-05-17,11.564166666666667,94.85958333333333,0.5166666666666667,4.229583333333333,249.23000000000002,58.2825,72.00833333333334
2021-05-18,12.27125,84.85666666666667,0.041666666666666664,3.0820833333333333,261.1504166666667,83.85833333333333,125.91250000000001
2021-05-19,10.987499999999999,91.96458333333334,0.08333333333333333,2.7616666666666667,243.53791666666666,63.36208333333334,88.08333333333333
2021-05-20,10.878333333333332,88.84166666666665,0.0,3.3245833333333334,206.06541666666666,72.55375,66.95
2021-05-21,13.1975,71.35958333333333,0.09166666666666667,6.901666666666666,231.53458333333333,79.32333333333334,68.3
2021-05-22,10.352083333333333,94.91375,0.6916666666666668,5.269166666666666,241.24666666666667,25.603333333333335,257.9875
2021-05-23,11.782916666666667,80.79125,0.0,4.288749999999999,226.78458333333333,78.31416666666667,318.50958333333335
2021-05-24,11.318333333333333,90.84041666666667,0.4166666666666667,3.7558333333333334,198.7275,52.017083333333325,135.94583333333333
2021-05-25,10.204583333333334,93.11083333333333,0.5666666666666667,4.4383333333333335,256.91,47.62125,304.5883333333333
2021-05-26,11.259166666666667,85.75625000000001,0.0,4.074166666666667,264.55333333333334,71.48208333333334,276.34166666666664
2021-05-27,11.978333333333333,90.88,0.0,3.565,243.66166666666666,69.82375,103.49666666666667
2021-05-28,12.147916666666667,83.27374999999999,0.0,1.6908333333333332,114.69291666666668,97.8325,299.5708333333333
2021-05-29,14.853333333333333,77.63791666666667,0.0,2.7895833333333333,93.49541666666666,114.72375,332.35833333333335
2021-05-30,15.293333333333335,77.45875,0.0,2.620833333333333,94.46708333333333,113.72416666666668,330.8875
2021-05-31,17.964166666666667,63.90083333333333,0.0,2.37375,124.10291666666667,117.77125000000001,334.81666666666666
2021-06-01,1.6783333333333335,99.65041666666667,0.008333333333333333,3.2925,115.30916666666667,2.8070833333333334,9.745833333333334
2021-06-02,4.294583333333333,99.99791666666665,0.11666666666666665,5.641666666666667,70.90333333333332,7.397916666666666,28.104166666666668
2021-06-03,2.4366666666666665,75.03583333333334,0.0,1.7458333333333333,53.268750000000004,15.854999999999999,111.60416666666667
2021-06-04,1.8841666666666665,89.98125,0.24166666666666667,2.4120833333333334,254.92363636363635,32.12347826086956,145.26666666666668
2021-06-05,7.31,87.64833333333333,0.08333333333333333,1.4329166666666666,244.31541666666666,66.1875,313.5458333333333
2021-06-06,16.649583333333332,71.00291666666666,0.0,2.091666666666667,219.82041666666666,97.68347826086956,287.15833333333336
2021-06-07,17.405833333333334,84.37333333333333,0.09999999999999999,2.4766666666666666,213.615,8.602857142857143,282.40000000000003
2021-06-08,17.840833333333332,89.49666666666667,0.19999999999999998,1.3933333333333333,229.2975,8.098571428571429,228.08333333333334
2021-06-09,18.53708333333333,85.68416666666667,0.0,0.37166666666666665,199.48833333333334,31.837894736842102,202.59583333333333
2021-06-10,11.119583333333333,99.83208333333333,0.35833333333333334,2.4779166666666668,247.34583333333333,10.34,216.67916666666667
2021-06-11,7.3254166666666665,99.73541666666667,0.0,2.1620833333333334,216.66916666666668,6.772916666666667,149.10416666666666
2021-06-12,2.9783333333333335,98.48166666666667,0.34166666666666673,0.26416666666666666,217.67708333333334,,86.35416666666667
2021-06-13,17.72875,70.26416666666667,0.0,1.0741666666666667,118.795,109.07043478260869,144.68333333333334
2021-06-14,20.541666666666668,68.66250000000001,0.0,0.8041666666666667,201.40875000000003,119.09058823529412,173.15416666666667
2021-06-15,20.164583333333333,76.73916666666666,0.0,1.9104166666666667,83.90541666666667,94.99315789473685,182.83333333333334
2021-06-16,23.272916666666664,67.5125,0.0,0.6970833333333334,156.20624999999998,123.1675,68.27458333333333
2021-06-17,24.200416666666666,72.16458333333334,0.0,1.4983333333333333,197.59875,76.00750000000001,242.39541666666665
2021-06-18,23.30125,83.50083333333333,0.4166666666666667,3.2616666666666667,152.63958333333332,72.5395,166.82833333333335
2021-06-19,17.811249999999998,94.10333333333334,0.25833333333333336,1.0250000000000001,209.67875,12.132,104.21916666666665
2021-06-20,18.848333333333333,87.30083333333333,0.26666666666666666,0.47333333333333333,188.66875000000002,58.52199999999999,320.6308333333333
2021-06-21,15.880416666666667,98.33125,0.425,1.0725,62.214166666666664,20.875714285714285,331.3129166666667
2021-06-22,13.612499999999999,94.83458333333334,0.2833333333333333,1.3375000000000001,74.42541666666666,5.162222222222223,269.21166666666664
2021-06-23,13.870416666666666,86.83041666666666,0.008333333333333333,0.7012499999999999,78.96291666666667,21.17,324.86791666666664
2021-06-24,15.320833333333333,89.10374999999999,0.0,1.0329166666666667,187.62541666666667,18.80181818181818,264.0579166666667
2021-06-25,14.494166666666667,95.03708333333333,0.025000000000000005,1.7891666666666666,222.00958333333332,24.53235294117647,265.2270833333333
2021-06-26,17.441666666666666,94.05916666666667,0.14166666666666666,0.6545833333333334,131.88,29.64125,168.61583333333334
2021-06-27,19.052083333333332,93.3075,0.15833333333333333,1.22875,167.19,31.73823529411765,192.16791666666666
2021-06-28,18.934583333333332,95.06333333333333,0.024999999999999998,0.73875,189.82875,21.128666666666668,149.6125
2021-06-29,17.995416666666667,96.06625000000001,0.049999999999999996,1.7970833333333334,245.56541666666666,22.464,263.64125
2021-06-30,14.184583333333334,97.5075,0.4916666666666667,2.2958333333333334,295.2866666666667,8.997222222222222,225.92
2021-07-01,1.2966666666666666,99.59625,0.075,3.8433333333333333,265.5825,8.735416666666667,8.570833333333333
2021-07-02,-3.015416666666667,100.0,0.0,6.644583333333333,58.27791666666667,7.185,18.583333333333332
2021-07-03,2.5208333333333335,77.3775,0.0,2.0479166666666666,61.1,12.349583333333333,124.375
2021-07-04,2.785833333333333,77.36458333333333,0.016666666666666666,2.81625,233.85285714285715,22.45818181818182,265.7
2021-07-05,8.140833333333333,73.91833333333334,0.0,1.58125,257.415,88.28041666666667,131.06375
2021-07-06,17.28,70.185,0.0,1.76375,118.41041666666666,117.27136363636363,310.84166666666664
2021-07-07,17.46625,83.96875,0.008333333333333333,0.23124999999999998,216.59916666666666,15.094,141.93333333333334
2021-07-08,16.590416666666666,92.12374999999999,0.3416666666666666,1.03125,201.99125,36.21928571428571,229.29583333333332
2021-07-09,18.945833333333333,83.73541666666667,0.0,0.6254166666666666,164.47791666666666,46.72291666666667,161.29583333333332
2021-07-10,11.32125,94.35791666666667,0.008333333333333333,0.23291666666666666,210.98333333333335,17.406470588235294,205.8708333333333
2021-07-11,9.869166666666667,93.35833333333333,0.008333333333333333,2.00625,250.42624999999998,10.533913043478261,104.94583333333333
2021-07-12,3.9379166666666667,97.46291666666667,0.06666666666666667,2.34875,199.86249999999998,,48.52916666666667
2021-07-13,17.816666666666666,97.20708333333333,0.0,2.4975,191.43416666666667,33.364583333333336,255.47916666666666
2021-07-14,16.355,100.0,0.0,3.3866666666666667,284.8358333333333,13.36,235.18541666666667
2021-07-15,17.48375,97.05916666666667,0.0,4.21125,263.4016666666667,30.605833333333333,223.2458333333333
2021-07-16,17.65625,86.8175,0.0,3.1804166666666664,102.27666666666666,79.20916666666666,126.02916666666665
2021-07-17,18.621666666666666,86.56375000000001,0.0,0.9741666666666666,150.96916666666667,53.487058823529416,253.02916666666667
2021-07-18,20.715833333333332,81.8225,0.0,1.3520833333333335,152.41333333333333,88.82478260869566,247.3166666666667
2021-07-19,19.74416666666667,85.12458333333333,0.0,0.3108333333333333,128.36249999999998,50.927,302.27500000000003
2021-07-20,19.842916666666667,81.60458333333334,0.0,0.6070833333333333,90.74166666666667,113.4009090909091,301.66249999999997
2021-07-21,19.920416666666668,77.18416666666667,0.0,0.5229166666666667,150.00125,64.13,305.3
2021-07-22,19.409583333333334,83.88333333333334,0.0,1.1175,184.22041666666667,66.14368421052632,309.83750000000003
2021-07-23,18.262083333333333,78.67708333333333,0.0,1.8741666666666665,77.33208333333333,16.369285714285716,302.4583333333333
2021-07-24,19.827083333333334,89.12708333333335,0.024999999999999998,1.735,137.10875000000001,35.925000000000004,285.41249999999997
2021-07-25,19.139166666666668,87.41666666666667,0.19166666666666665,1.7525000000000002,153.10583333333332,42.03375,107.41208333333333
2021-07-26,18.16375,99.35541666666667,0.8083333333333332,1.0741666666666667,207.92208333333335,27.22083333333333,308.84166666666664
2021-07-27,17.529999999999998,95.55958333333332,0.225,1.3616666666666666,217.9104166666667,31.620833333333334,306.7395833333333
2021-07-28,17.43375,91.21833333333332,0.13333333333333333,2.2429166666666664,222.91083333333333,40.1325,287.3958333333333
2021-07-29,17.467499999999998,78.3275,0.0,2.0479166666666666,243.41791666666666,48.628181818181815,293.28749999999997
2021-07-30,16.16625,89.85583333333334,0.17500000000000002,1.8104166666666668,219.68583333333333,30.545238095238098,298.4166666666667
2021-07-31,16.48875,91.48916666666668,0.7833333333333333,1.8508333333333333,241.18375,8.85,286.53749999999997
2021-08-01,1.2354166666666666,99.67625,0.016666666666666666,3.0745833333333334,239.26333333333332,6.111666666666667,14.779166666666667
2021-08-02,-5.92625,97.6725,0.0,7.87125,53.02583333333333,4.885,30.833333333333332
2021-08-03,4.695416666666667,72.51916666666666,0.0,1.0221739130434784,244.28208333333336,46.81583333333333,114.68333333333334
2021-08-04,5.0545,66.1905,0.0,1.2334999999999998,226.546,64.47125,262.0779166666667
2021-08-05,11.74,78.47041666666667,0.075,1.3891666666666669,172.45708333333334,42.961666666666666,259.4916666666667
2021-08-06,18.695416666666667,75.02791666666667,0.0,1.1829166666666666,225.09875,96.0525,312.425
2021-08-07,17.79375,87.245,0.049999999999999996,0.17958333333333334,211.43708333333333,59.553999999999995,81.54583333333333
2021-08-08,16.183333333333334,91.31,0.06666666666666667,2.47375,220.52958333333333,34.43541666666666,274.8958333333333
2021-08-09,20.06375,77.94166666666666,0.0,0.2025,132.72875000000002,0.24636363636363637,60.104166666666664
2021-08-10,10.287916666666666,92.86416666666666,0.0,0.21083333333333334,174.51,8.265263157894738,181.59166666666667
2021-08-11,5.821666666666666,95.54916666666666,0.0,0.36874999999999997,233.97875,7.742272727272728,90.58333333333333
2021-08-12,4.734583333333333,92.34041666666667,0.0,2.5954166666666665,217.39,15.76,74.9875
2021-08-13,18.313333333333333,83.23875,0.0,1.1004166666666666,248.18958333333333,44.44833333333333,66.5625
2021-08-14,17.795416666666668,88.17541666666666,0.0,0.4070833333333333,220.535,28.378000000000004,70.53750000000001
2021-08-15,19.548333333333336,82.01666666666667,0.0,1.0079166666666668,243.27458333333334,53.89619047619048,85.33333333333333
2021-08-16,15.265,94.78416666666668,0.14166666666666666,1.8608333333333336,252.99958333333333,9.895416666666668,130.59583333333333
2021-08-17,13.175416666666665,99.31833333333333,0.10833333333333334,1.3141666666666667,237.42125000000001,7.805789473684211,82.00416666666666
2021-08-18,16.717916666666667,96.48375,0.0,1.8804166666666668,243.275,5.435625,120.0
2021-08-19,17.167083333333334,89.72000000000001,0.0,1.9729166666666667,253.50958333333332,28.265,75.2
2021-08-20,18.409583333333334,92.11541666666666,0.008333333333333333,1.2283333333333333,205.89625,23.579583333333332,87.3625
2021-08-21,18.489583333333332,90.55916666666667,0.4166666666666667,0.4091666666666667,203.53458333333333,36.187916666666666,104.65416666666665
2021-08-22,17.349166666666665,98.90416666666665,0.44166666666666665,1.7183333333333335,256.78375,25.849999999999998,193.5666666666667
2021-08-23,18.386666666666667,93.63333333333333,0.016666666666666666,2.004583333333333,165.41333333333333,23.513749999999998,175.31583333333333
2021-08-24,17.65791666666667,86.39291666666666,0.0,1.5108333333333333,63.02125,56.75666666666667,232.11249999999998
2021-08-25,16.882083333333334,86.075,0.0,1.3670833333333334,146.1470833333333,43.81458333333333,262.3833333333333
2021-08-26,16.395833333333332,93.27333333333333,0.09999999999999999,1.79125,228.85375,15.16625,251.63333333333333
2021-08-27,15.342916666666667,89.4775,0.13333333333333333,1.4337499999999999,205.7733333333333,19.994583333333335,264.95416666666665
2021-08-28,16.215416666666666,95.33583333333333,0.25,1.70625,195.92916666666667,15.1125,270.6125
2021-08-29,15.391666666666666,96.77583333333332,0.075,1.5266666666666666,205.91791666666666,8.19,250.54583333333335
2021-08-30,17.489583333333332,97.06375000000001,0.0,2.1016666666666666,114.38916666666667,14.472083333333332,276.34583333333336
2021-08-31,17.14125,92.02791666666667,0.0,1.7474999999999998,118.78875,22.3425,225.34583333333333
2021-09-01,-0.18090909090909094,98.5468181818182,0.009090909090909092,0.8336363636363636,238.82227272727275,21.15681818181818,18.47863636363636
2021-09-02,-5.674166666666667,86.85333333333334,0.0,5.509583333333333,75.2325,14.520833333333334,41.420833333333334
2021-09-03,5.5,98.23416666666667,0.08333333333333333,1.3299999999999998,261.09708333333333,12.900416666666667,208.15
2021-09-04,9.057368421052631,65.64894736842105,0.0,1.5868421052631578,209.9811111111111,63.9925,244.86249999999998
2021-09-05,18.127083333333335,79.14958333333333,0.05833333333333334,1.3683333333333332,181.64625,83.455,317.9604166666667
2021-09-06,19.269166666666667,73.58666666666666,0.0,1.24125,291.4891666666667,109.93599999999999,330.03749999999997
2021-09-07,16.474999999999998,92.24791666666665,0.008333333333333333,0.3225,225.53583333333333,30.255454545454544,93.17083333333333
2021-09-08,16.655,91.37583333333333,0.24166666666666667,1.71,216.43083333333334,46.01666666666667,142.10833333333332
2021-09-09,19.550416666666667,91.48083333333334,0.016666666666666666,0.7341666666666667,196.98125000000002,28.602500000000003,118.75
2021-09-10,10.075416666666667,95.25083333333333,0.008333333333333333,0.42333333333333334,174.49166666666667,20.062916666666666,202.36666666666667
2021-09-11,6.795416666666667,95.88375,0.008333333333333333,0.8454166666666666,214.45416666666665,12.14782608695652,82.8125
2021-09-12,4.34375,100.0,0.016666666666666666,3.358333333333333,194.06166666666664,1.7470833333333333,113.91874999999999
2021-09-13,15.378749999999998,91.14458333333333,0.008333333333333333,0.8766666666666666,148.06125,31.247083333333332,200.61666666666667
2021-09-14,16.71291666666667,96.16624999999999,0.0,0.63875,126.78583333333334,8.197619047619048,53.675000000000004
2021-09-15,17.593333333333334,95.63125000000001,0.008333333333333333,0.22791666666666668,262.19666666666666,3.075833333333333,109.89583333333333
2021-09-16,15.0875,92.445,0.0,0.26666666666666666,243.0325,10.808333333333334,151.21666666666667
2021-09-17,16.012916666666666,91.04208333333334,0.008333333333333333,0.21166666666666667,201.80083333333334,53.25,59.47083333333333
2021-09-18,16.325,88.36416666666666,0.0,0.305,159.04791666666668,13.038666666666666,169.47083333333333
2021-09-19,15.674999999999999,92.53250000000001,0.0,0.2675,146.915,0.0,190.85000000000002
2021-09-20,14.54125,87.15333333333332,0.0,1.1008333333333333,138.45416666666668,25.99291666666667,211.20000000000002
2021-09-21,11.990416666666667,83.76333333333334,0.0,0.39875,164.67,23.06157894736842,194.32916666666665
2021-09-22,12.479999999999999,86.89833333333333,0.0,0.45625,216.0925,30.53681818181818,104.38333333333333
2021-09-23,13.842083333333333,91.96708333333333,0.016666666666666666,0.6375000000000001,243.20708333333334,11.56529411764706,226.17916666666667
2021-09-24,16.91125,92.84083333333332,0.0,1.3295833333333333,227.72458333333336,16.389545454545456,223.15833333333333
2021-09-25,16.024166666666666,90.41624999999999,0.0,0.21041666666666667,195.53916666666666,27.506,176.4416666666667
2021-09-26,17.246666666666666,95.50541666666668,0.0,0.6216666666666667,206.21,20.072,103.76666666666667
2021-09-27,15.450000000000001,95.56416666666667,0.19166666666666665,1.6741666666666666,224.67375,8.552727272727273,158.775
2021-09-28,13.479999999999999,88.58833333333332,0.0,1.4170833333333333,189.43625,15.614736842105264,136.02083333333334
2021-09-29,11.815416666666666,91.90875,0.375,2.6408333333333336,244.1029166666667,2.992,197.10000000000002
2021-09-30,10.215833333333334,92.12041666666666,0.016666666666666666,1.5250000000000001,216.0270833333333,17.53347826086957,195.1916666666667
2021-10-01,0.6237499999999999,98.46208333333334,0.008333333333333333,0.99375,214.92375,21.457916666666666,17.970833333333335
2021-10-02,-4.137083333333334,85.29833333333333,0.0,3.1816666666666666,78.4575,7.099166666666666,52.2875
2021-10-03,6.277083333333334,85.75166666666667,0.03333333333333333,1.79625,223.6341666666667,26.655416666666667,214.8345833333333
2021-10-04,7.210833333333333,92.77041666666666,0.39999999999999997,2.31625,151.145,12.412608695652175,275.40000000000003
2021-10-05,16.181250000000002,81.065,0.16666666666666666,2.908333333333333,211.11708333333334,64.98125,312.37916666666666
2021-10-06,19.32375,81.43041666666666,0.0,1.7149999999999999,248.5675,92.73227272727273,336.3125
2021-10-07,16.438333333333333,95.87166666666667,0.5499999999999999,0.22666666666666666,193.20416666666665,23.281666666666666,162.29583333333332
2021-10-08,17.107916666666664,96.41916666666667,0.18333333333333335,1.1658333333333333,221.92541666666668,25.0625,263.53458333333333
2021-10-09,19.70375,94.59500000000001,0.0,1.2016666666666667,209.44291666666666,20.48875,213.88750000000002
2021-10-10,9.819583333333334,97.07708333333333,0.016666666666666666,0.1675,240.04125,7.785294117647059,170.25
2021-10-11,6.229166666666667,95.92416666666666,0.0,0.4395833333333334,215.9025,9.817826086956522,92.77916666666668
2021-10-12,3.1062499999999997,100.0,0.75,2.8495833333333334,231.67625,0.9420833333333333,115.42291666666667
2021-10-13,9.594583333333334,93.49458333333332,0.025000000000000005,0.6408333333333333,247.32041666666666,25.28833333333333,118.89999999999999
2021-10-14,11.128333333333332,99.45458333333333,0.0,1.3395833333333333,221.615,15.050833333333335,158.46333333333334
2021-10-15,11.207916666666668,96.07249999999999,0.025000000000000005,1.3083333333333333,185.83624999999998,15.747083333333334,199.34166666666667
2021-10-16,8.192916666666667,89.22250000000001,0.0,0.25125,205.96708333333333,24.196250000000003,115.96666666666665
2021-10-17,9.999583333333334,92.22666666666667,0.0,0.6054166666666666,209.13583333333335,21.792916666666667,74.77916666666667
2021-10-18,10.643749999999999,95.93624999999999,0.0,1.26125,194.06583333333333,19.365833333333335,163.91666666666666
2021-10-19,16.827916666666667,98.75375000000001,0.016666666666666666,2.3854166666666665,205.26125000000002,10.159583333333334,128.04458333333335
2021-10-20,16.475416666666668,94.27916666666665,0.041666666666666664,3.0558333333333336,216.74958333333333,11.894583333333332,105.39166666666667
2021-10-21,10.38875,96.65875,0.30833333333333335,3.122916666666667,252.52083333333334,17.517916666666668,73.83125
2021-10-22,7.826666666666667,94.28166666666668,0.09166666666666667,1.7733333333333334,241.14374999999998,15.188749999999999,137.425
2021-10-23,9.217083333333333,94.10583333333334,0.03333333333333333,0.43875,206.50958333333332,20.44,111.01458333333333
2021-10-24,7.645416666666667,90.625,0.0,1.0966666666666667,199.5979166666667,22.54478260869565,158.45
2021-10-25,10.3375,99.69166666666666,0.041666666666666664,1.5775,205.69458333333333,5.826666666666666,42.67083333333334
2021-10-26,11.433750000000002,98.92416666666666,0.008333333333333333,1.8879166666666667,212.54,11.1725,96.27499999999999
2021-10-27,12.706666666666665,97.99874999999999,0.0,2.0075,217.41958333333332,15.794583333333334,142.07083333333333
2021-10-28,11.725,93.63125000000001,0.0,1.6199999999999999,191.00958333333332,3.138333333333333,132.4
2021-10-29,12.785833333333334,92.43083333333334,0.041666666666666664,2.93125,194.38541666666666,14.677083333333334,154.99166666666667
2021-10-30,11.878333333333332,100.0,0.4749999999999999,1.8504166666666668,184.80708333333334,4.245833333333334,172.975
2021-10-31,11.0924,99.4484,0.32799999999999996,2.5307999999999997,192.6404,8.2192,48.42
2021-11-01,4.2629166666666665,99.43541666666665,0.08333333333333333,1.72875,211.65541666666664,5.442916666666666,11.333333333333334
2021-11-02,-3.9566666666666666,85.85625,0.0,2.3545833333333333,55.91291666666667,11.500833333333333,61.7125
2021-11-03,9.778333333333334,80.2725,0.016666666666666666,5.445416666666667,259.46625,29.30666666666667,233.20833333333334
2021-11-04,5.7829411764705885,74.95823529411764,0.041666666666666664,3.1258823529411766,80.14750000000001,30.57826086956522,291.76666666666665
2021-11-05,12.854166666666666,89.90916666666668,0.36666666666666664,1.3295833333333333,187.34125000000003,48.57416666666666,283.0125
2021-11-06,18.759166666666665,87.26458333333333,0.0,1.3066666666666666,254.54999999999998,73.47166666666666,312.73333333333335
2021-11-07,16.112083333333334,88.9525,0.0,0.4695833333333333,216.28416666666666,46.385,308.93333333333334
2021-11-08,17.280416666666667,86.42625,0.0,0.6491666666666667,217.54125,71.38583333333334,258.6375
2021-11-09,17.27958333333333,95.9825,0.0,0.9475000000000001,231.37833333333333,8.634444444444444,166.30833333333334
2021-11-10,10.924999999999999,95.76791666666666,0.008333333333333333,0.6704166666666667,281.5883333333333,16.36913043478261,108.14583333333333
2021-11-11,9.167083333333332,97.29416666666667,0.0,0.9566666666666667,203.42,10.99375,73.12916666666668
2021-11-12,4.779166666666667,99.31583333333333,0.11666666666666665,1.12875,247.4075,0.0,121.25416666666666
2021-11-13,10.835833333333333,100.0,0.15833333333333333,1.7670833333333331,261.00666666666666,10.141250000000001,85.20416666666667
2021-11-14,9.225833333333334,100.0,0.041666666666666664,1.0670833333333334,133.43625,5.9375,126.80208333333333
2021-11-15,6.142083333333333,100.0,0.008333333333333333,1.3304166666666666,137.06125,2.5079166666666666,127.77499999999999
2021-11-16,9.592916666666666,86.06958333333334,0.008333333333333333,0.3695833333333334,150.64166666666668,0.15291666666666665,118.89999999999999
2021-11-17,13.1,76.53125,0.0,3.067083333333333,194.80791666666667,7.3325,132.51250000000002
2021-11-18,8.230416666666667,98.17958333333333,0.0,2.892916666666667,202.31708333333333,13.214782608695652,128.59583333333333
2021-11-19,11.499166666666667,99.4525,0.0,1.6975,216.76791666666668,8.249583333333334,139.31666666666666
2021-11-20,9.38875,99.83916666666666,0.008333333333333333,2.0283333333333333,196.7279166666667,5.051666666666667,113.24166666666667
2021-11-21,7.764166666666667,98.49583333333334,0.11666666666666668,2.1254166666666667,235.92499999999998,8.325833333333334,131.13750000000002
2021-11-22,5.171666666666667,89.94958333333334,0.0,2.4170833333333333,110.34625,10.847272727272726,28.400000000000002
2021-11-23,4.526666666666666,99.605,0.008333333333333333,0.48500000000000004,170.00458333333333,5.784166666666667,79.55833333333334
2021-11-24,6.44125,99.95791666666666,0.0,0.6170833333333333,197.83416666666668,1.6177777777777778,80.93333333333334
2021-11-25,5.50125,98.01125,0.10833333333333334,1.0191666666666668,256.47833333333335,3.6141666666666663,80.84583333333333
2021-11-26,4.001666666666666,99.06833333333333,0.20833333333333334,3.6654166666666668,236.29083333333335,,103.50833333333333
2021-11-27,2.23625,99.96249999999999,0.18333333333333335,2.2075,205.31958333333333,6.075833333333333,59.201249999999995
2021-11-28,2.3208333333333333,100.0,0.3833333333333333,0.3704166666666666,246.01583333333335,0.0,118.19166666666666
2021-11-29,2.6058333333333334,97.46666666666665,0.11666666666666665,0.6416666666666667,262.34291666666667,0.0,134.67916666666665
2021-11-30,8.135416666666666,99.62458333333332,0.06666666666666667,4.537916666666667,228.21124999999998,0.63625,64.39166666666667
2021-12-01,6.159166666666667,94.66291666666666,0.6333333333333334,2.8874999999999997,248.78458333333333,9.102083333333335,27.295833333333334
2021-12-02,-4.527083333333334,76.26708333333333,0.0,4.297916666666667,77.65124999999999,11.662083333333333,76.87083333333334
2021-12-03,7.065416666666667,85.10666666666667,0.08333333333333333,3.089583333333333,263.00875,20.675833333333333,107.07083333333333
2021-12-04,4.654444444444445,74.39722222222223,0.008333333333333333,1.7477777777777779,319.9433333333333,51.43695652173913,259.43333333333334
2021-12-05,12.04125,83.92875,0.008333333333333333,2.0654166666666667,209.07208333333332,77.65375,146.72083333333333
2021-12-06,17.7275,82.38625,0.0,2.3733333333333335,230.72708333333333,28.48833333333333,247.82083333333333
2021-12-07,18.405,93.11958333333332,0.0,0.6620833333333334,166.42666666666668,36.20176470588235,97.97500000000001
2021-12-08,18.69875,88.3975,0.0,0.4504166666666667,208.1520833333333,46.87708333333333,63.65
2021-12-09,15.82875,93.41083333333334,0.0,0.835,216.68708333333333,23.4804347826087,62.86666666666667
2021-12-10,10.920833333333334,97.88708333333334,0.041666666666666664,1.1445833333333333,242.25875,17.047083333333333,111.89166666666667
2021-12-11,7.065,93.40375,0.0,2.2225,213.26041666666666,5.036,95.89083333333333
2021-12-12,8.917916666666667,100.0,0.06666666666666667,3.452916666666667,203.46833333333333,1.4595833333333335,93.3125
2021-12-13,9.09625,99.97000000000001,0.0,2.0,185.05208333333334,1.5856521739130434,83.60208333333334
2021-12-14,8.215,100.0,0.008333333333333333,2.231666666666667,204.54083333333332,1.4809523809523808,113.03333333333335
2021-12-15,8.97,100.0,0.008333333333333333,1.1458333333333333,224.5533333333333,1.5108333333333333,93.53750000000001
2021-12-16,8.060833333333333,99.87791666666668,0.0,0.03416666666666667,237.22958333333335,,114.31666666666666
2021-12-17,5.23125,100.0,0.008333333333333333,1.5416666666666667,105.83666666666666,,76.075
2021-12-18,6.091666666666666,99.76416666666667,0.0,1.8275,70.40208333333334,0.0,85.98333333333333
2021-12-19,5.21125,100.0,0.016666666666666666,0.41375,116.335,,86.87083333333334
2021-12-20,5.4312499999999995,87.76708333333333,0.0,0.48875,84.07000000000001,0.0,97.45625
2021-12-21,0.9049999999999999,91.88166666666666,0.0,0.11541666666666667,143.70416666666668,0.0,79.50208333333333
2021-12-22,-0.8858333333333333,96.04333333333334,0.0,1.5783333333333334,211.28125,13.530833333333334,81.02833333333334
2021-12-23,2.7908333333333335,99.20333333333333,0.016666666666666666,3.8545833333333337,198.45708333333334,2.7008695652173915,120.83958333333334
2021-12-24,8.01,100.0,0.008333333333333333,2.587083333333333,196.59916666666666,3.2241666666666666,105.69583333333333
2021-12-25,3.5795833333333333,100.0,0.3333333333333333,2.734583333333333,64.915,0.7730434782608696,89.36791666666666
2021-12-26,4.097916666666666,100.0,0.09999999999999999,0.12875,138.46291666666667,0.0,84.97500000000001
2021-12-27,8.523333333333333,100.0,0.08333333333333333,1.1270833333333334,166.75083333333333,1.4008333333333332,87.43458333333332
2021-12-28,9.661666666666667,97.86958333333332,0.225,0.36333333333333334,234.35541666666666,,84.52916666666667
2021-12-29,10.245833333333334,99.0075,0.03333333333333333,0.7091666666666666,242.24458333333334,,131.58541666666667
2021-12-30,13.475833333333334,99.2475,0.008333333333333333,0.5970833333333333,237.59624999999997,,77.50416666666666
2021-12-31,12.344166666666666,96.49333333333334,0.0,0.20791666666666667,231.18166666666664,,84.61458333333333
2022-01-01,11.6625,96.59041666666667,0.0,0.3175,205.5875,,66.88125
2022-01-02,7.1525,96.0,0.025000000000000005,3.0229166666666667,244.73666666666668,4.165652173913043,117.11541666666666
2022-01-03,6.5879166666666675,76.87,0.016666666666666666,1.2320833333333334,155.33625,16.275000000000002,174.22916666666666
2022-01-04,2.285,92.54458333333334,0.1416666666666667,3.81,71.81166666666667,15.625833333333333,272.9541666666667
2022-01-05,2.8083333333333336,100.0,0.0,0.22999999999999998,197.20000000000002,1.85,12.268749999999999
2022-01-13,1.305,100.0,0.0,1.7162499999999998,202.12,2.9,98.67083333333333
2022-01-14,2.59125,100.0,0.008333333333333333,1.1366666666666665,197.35375,6.559583333333333,81.23458333333333
2022-01-15,2.5479166666666666,99.97250000000001,0.0,1.365,151.45541666666665,10.334166666666667,95.13833333333334
2022-01-16,3.2329166666666667,100.0,0.03333333333333333,2.6670833333333337,210.3033333333333,2.169583333333333,125.6075
2022-01-17,5.552083333333333,98.90833333333335,0.0,1.6775,245.95333333333335,12.947916666666666,137.7125
2022-01-18,3.8800000000000003,100.0,0.0,1.3004166666666668,214.49333333333334,9.443478260869565,142.01041666666666
2022-01-19,3.9379166666666667,99.74833333333333,0.041666666666666664,1.8295833333333331,223.5354166666667,1.7360869565217392,56.145833333333336
2022-01-20,4.22375,96.43124999999999,0.05833333333333334,2.165,289.9279166666667,15.448749999999999,126.26249999999999
2022-01-21,3.3837499999999996,98.0825,0.008333333333333333,1.3983333333333334,258.5679166666667,10.269565217391305,129.35
2022-01-22,5.361666666666667,100.0,0.0,1.59875,252.12750000000003,2.0458333333333334,138.74166666666667
2022-01-23,4.84625,98.235,0.0,0.9725,165.23583333333332,1.4095833333333332,62.01666666666667
2022-01-24,3.2441666666666666,93.16375,0.0,0.38083333333333336,113.45375,0.0,55.615833333333335
2022-01-25,0.13291666666666666,100.0,0.0,0.0,90.15041666666667,,150.46666666666667
2022-01-26,1.96125,99.12291666666665,0.0,0.0,237.28125,,53.125
2022-01-27,5.7725,99.66791666666667,0.03333333333333333,0.9854166666666666,245.14541666666665,1.9111111111111114,68.62291666666667
2022-01-28,4.060416666666667,100.0,0.008333333333333333,2.200833333333333,217.4275,9.825652173913044,63.25416666666666
2022-01-29,9.012083333333333,98.86916666666667,0.0,4.165416666666666,225.27291666666667,6.395833333333333,98.53750000000001
2022-01-30,4.96,93.03791666666666,0.0,1.3991666666666667,245.09333333333333,4.391578947368421,146.65
2022-01-31,5.77,87.78208333333333,0.15833333333333335,4.451666666666667,280.9795833333333,5.97,86.77791666666667
2022-02-01,11.41375,92.30583333333334,0.1416666666666667,0.18916666666666668,230.15875000000003,,127.8925
2022-02-02,9.135416666666666,99.69291666666668,0.05833333333333333,2.25,251.19291666666666,1.8808333333333334,146.74375
2022-02-03,7.371666666666666,67.35416666666667,0.0,1.0920833333333333,94.15666666666668,11.843157894736843,108.44375000000001
2022-02-04,4.242916666666667,67.07875,0.0,3.4179166666666667,90.6825,52.375416666666666,275.84166666666664
2022-02-13,6.116666666666667,85.09125,0.0,4.550416666666666,173.66958333333332,27.114583333333332,182.07083333333333
2022-02-14,9.138333333333334,90.99458333333332,0.016666666666666666,4.351666666666667,205.88458333333332,26.9004347826087,156.49583333333334
2022-02-15,7.266666666666667,96.19541666666667,0.21666666666666667,3.105833333333333,216.55166666666665,12.25736842105263,103.62083333333334
2022-02-16,11.632083333333334,99.6075,0.09999999999999999,7.06375,219.23083333333332,11.081249999999999,148.2125
2022-02-17,10.239166666666668,81.9725,0.041666666666666664,5.417916666666667,238.82500000000002,22.63,172.92499999999998
2022-02-18,9.217916666666666,84.6475,0.03333333333333333,7.208333333333333,217.47875,13.137500000000001,188.9
2022-02-19,6.180416666666666,85.91958333333334,0.13333333333333333,5.4679166666666665,239.08041666666668,25.097499999999997,171.725
2022-02-20,9.355833333333333,98.62124999999999,0.325,6.329583333333333,242.9154166666667,4.899166666666667,174.14583333333334
2022-02-21,7.06,86.19333333333333,0.05833333333333333,4.627083333333333,281.74583333333334,9.853478260869565,181.0583333333333
2022-02-22,7.802916666666667,98.91041666666666,0.05833333333333333,3.2237500000000003,253.2229166666667,13.144347826086957,176.13750000000002
2022-02-23,7.2525,87.55791666666666,0.0,2.433333333333333,225.40416666666667,19.89272727272727,194.82500000000002
2022-02-24,6.240833333333334,91.15375,0.20833333333333334,4.1187499999999995,240.48874999999998,20.7825,155.60833333333332
2022-02-25,4.6883333333333335,91.25333333333333,0.041666666666666664,2.7525,265.2575,29.21541666666667,88.71666666666665
2022-02-26,3.54875,85.8525,0.0,1.6620833333333334,166.13458333333332,40.964999999999996,118.10416666666667
2022-02-27,5.0945833333333335,71.52499999999999,0.0,2.3595833333333336,111.16708333333334,49.96791666666667,129.67499999999998
2022-02-28,5.504347826086956,65.33695652173913,0.0,1.9895652173913043,174.51391304347825,46.19347826086957,149.37916666666666
2022-03-01,9.190416666666666,97.28208333333333,0.30833333333333335,0.25583333333333336,234.25291666666666,,106.01041666666667
2022-03-02,7.427083333333333,99.54958333333333,0.008333333333333333,3.578333333333333,205.725,3.0608695652173914,144.20833333333334
2022-03-03,6.462727272727273,66.78045454545455,0.0,1.4263636363636363,106.44954545454544,33.65590909090909,102.52499999999999
2022-03-04,3.75125,76.32791666666667,0.0,1.4800000000000002,238.38625000000002,47.31875,271.025
2022-03-13,11.36608695652174,83.48478260869565,0.008333333333333333,4.31391304347826,176.2795652173913,45.33217391304348,101.30833333333334
2022-03-14,9.589166666666666,92.37791666666668,0.0,2.4408333333333334,221.84583333333333,32.65708333333333,122.39583333333333
2022-03-15,9.172083333333333,91.76,0.0,1.3095833333333333,163.64875,31.1675,149.30833333333334
2022-03-16,9.446250000000001,98.33416666666666,0.0,2.1783333333333332,136.83333333333334,22.348333333333333,233.39166666666668
2022-03-17,9.0175,78.9875,0.0,2.48375,263.05041666666665,41.52875,219.45416666666665
2022-03-18,8.643749999999999,73.06083333333333,0.0,2.2754166666666666,124.14708333333334,51.340833333333336,110.97916666666667
2022-03-19,10.461666666666668,56.4175,0.0,4.437916666666667,87.59583333333335,63.895833333333336,97.62916666666666
2022-03-20,4.767391304347826,84.8104347826087,0.025000000000000005,1.695217391304348,155.52434782608697,29.69,252.4416666666667
2022-03-21,9.745416666666666,80.88791666666667,0.0,1.3633333333333333,181.38291666666666,59.63999999999999,210.57500000000002
2022-03-22,13.822608695652175,62.24956521739131,0.0,1.1956521739130435,150.9191304347826,63.447391304347825,176.8375
2022-03-23,11.899583333333332,57.32416666666666,0.0,1.1920833333333334,209.98375,63.61083333333334,130.90416666666667
2022-03-24,11.4775,61.27708333333334,0.0,1.4100000000000001,184.65333333333334,63.56708333333333,76.42916666666666
2022-03-25,11.337916666666667,68.60791666666667,0.0,1.9916666666666665,159.19791666666666,65.06541666666666,120.05
2022-03-26,12.325416666666667,69.80791666666667,0.0,2.2275,81.405,65.47666666666667,255.12916666666663
2022-03-27,10.124090909090908,95.95727272727272,0.0,1.9840909090909091,94.58772727272726,33.00681818181818,251.58695652173913
2022-03-28,10.434166666666666,84.87875,0.0,1.0904166666666668,215.27916666666667,59.68958333333333,271.06666666666666
2022-03-29,11.153913043478262,90.68173913043478,0.0,1.9343478260869567,125.72086956521738,36.12695652173913,250.7125
2022-03-30,9.754583333333334,79.00500000000001,0.008333333333333333,1.9437499999999999,144.345,36.712916666666665,270.3875
2022-03-31,5.377916666666667,92.19791666666667,0.025000000000000005,3.294166666666667,216.60208333333333,35.57833333333333,274.9291666666667
2022-04-01,6.478750000000001,99.43458333333332,0.15833333333333333,0.6608333333333333,236.14333333333335,,91.57083333333333
2022-04-02,6.585,99.67041666666667,0.15,4.3012500000000005,213.35166666666666,4.4750000000000005,80.59166666666667
2022-04-03,5.325833333333333,63.02,0.0,1.1875,103.98166666666667,0.0775,168.85833333333332
2022-04-04,5.425,98.47291666666666,0.18333333333333335,4.5512500000000005,238.5275,12.954166666666666,278.43333333333334
2022-04-13,13.444583333333334,95.23083333333334,0.0,1.0816666666666668,227.82416666666666,31.958333333333332,291.9291666666667
2022-04-14,13.23391304347826,91.05739130434783,0.0,1.2782608695652176,260.1886956521739,54.18826086956521,297.81666666666666
2022-04-15,12.973333333333334,87.96083333333333,0.0,1.5991666666666668,180.53875000000002,69.17875,296.9291666666667
2022-04-16,12.671666666666667,75.53208333333333,0.0,2.2966666666666664,94.48791666666666,81.59333333333333,300.3208333333333
2022-04-17,13.470416666666665,54.475,0.0,1.6908333333333332,120.72583333333334,93.66083333333334,287.8041666666667
2022-04-18,13.917916666666665,49.14833333333333,0.0,1.5425000000000002,198.63750000000002,84.75083333333333,269.7958333333333
2022-04-19,13.383333333333333,71.83958333333334,0.0,1.4383333333333335,226.47416666666666,56.98083333333333,254.275
2022-04-20,13.92125,52.68958333333333,0.0,2.3516666666666666,84.17833333333333,81.98208333333334,220.59166666666667
2022-04-21,14.165652173913044,58.04347826086956,0.0,2.435217391304348,80.50478260869566,90.15695652173913,269.8625
2022-04-22,13.222083333333332,70.00666666666667,0.0,2.7270833333333333,100.11874999999999,55.89666666666667,309.2083333333333
2022-04-23,15.21125,67.32333333333334,0.0,3.145,88.89,67.99869565217391,296.1375
2022-04-24,14.81,58.08083333333334,0.0,2.950416666666667,70.33916666666667,80.44083333333333,300.2416666666667
2022-04-25,9.329583333333334,89.10000000000001,0.3,1.7883333333333333,158.82541666666665,38.921578947368424,289.75208333333336
2022-04-26,9.922173913043478,79.05555555555556,0.0,3.8729411764705883,51.174705882352946,65.8025,202.29583333333332
2022-04-27,10.044545454545455,67.8,0.0,4.535,25.845,74.96875,208.8083333333333
2022-04-28,10.335,70.36363636363636,0.0,3.621,31.494,94.61291666666666,240.4625
2022-04-29,10.423076923076923,76.252,0.0,3.068888888888889,116.27000000000001,67.37625,310.2604166666667
2022-04-30,8.664736842105263,85.22111111111111,0.0,2.575,243.9377777777778,50.755833333333335,288.54375
2022-05-01,4.012083333333333,94.06291666666668,0.008333333333333333,1.2445833333333334,260.455,3.7781818181818183,80.52499999999999
2022-05-02,5.513333333333333,93.02666666666666,0.0,4.028333333333333,221.34583333333333,15.275217391304347,118.28750000000001
2022-05-03,5.395416666666667,68.47333333333333,0.0,1.68625,163.55375,50.7925,171.4333333333333
2022-05-04,11.130869565217392,99.86521739130436,0.08333333333333333,3.6478260869565218,256.5521739130435,20.026521739130434,270.70416666666665
2022-06-01,3.831666666666667,94.85666666666667,0.008333333333333333,1.6825,216.02125,5.6685,45.824999999999996
2022-06-02,8.47625,96.31791666666668,0.6166666666666667,5.258333333333334,237.3708333333333,5.79375,138.99166666666667
2022-06-03,3.2733333333333334,79.89375,0.0,2.5625,80.85625,41.56458333333333,134.72916666666666
2022-06-04,9.92625,98.73208333333334,0.08333333333333333,4.974583333333333,237.875,14.4475,283.2291666666667
2022-07-01,4.28625,98.04833333333333,0.025000000000000005,2.2958333333333334,215.79875,4.836666666666667,76.28125
2022-07-02,5.732916666666667,85.34500000000001,0.0,2.2670833333333333,253.77291666666667,6.172105263157895,88.8125
2022-07-03,2.7636842105263155,69.07368421052632,0.0,2.202105263157895,135.3042105263158,28.732105263157894,202.11249999999998
2022-07-04,10.615217391304348,84.66,0.125,6.9021739130434785,252.7013043478261,51.51608695652175,279.65000000000003
2022-08-01,4.172916666666667,99.78666666666668,0.5583333333333333,1.06125,212.97041666666667,0.007777777777777778,127.7
2022-08-02,9.31,99.07666666666667,0.008333333333333333,3.91625,220.00458333333333,11.069583333333334,166.15833333333333
2022-08-03,0.08375,70.86625000000001,0.0,1.72875,88.76875,0.14125000000000001,200.22083333333333
2022-08-04,6.277916666666666,91.56333333333333,0.09999999999999999,2.07,235.52625,23.129583333333333,242.02916666666667
2022-09-01,4.929166666666666,95.33749999999999,0.075,2.2695833333333333,235.70458333333332,6.842499999999999,110.46458333333334
2022-09-02,9.165416666666667,98.60791666666667,0.0,2.93125,209.24333333333334,14.314583333333333,131.9
2022-09-03,11.490909090909092,66.38000000000001,0.0,1.8381818181818181,169.71636363636364,42.49909090909091,68.16666666666667
2022-09-04,6.3875,81.26291666666667,0.008333333333333333,2.37,277.28416666666664,70.84166666666667,287.425
2022-10-01,0.6545833333333334,100.0,0.0,1.8008333333333333,168.25333333333333,3.034347826086956,123.41041666666666
2022-10-02,6.614583333333333,98.28083333333332,0.09166666666666667,2.0454166666666667,243.63125,8.421666666666667,82.30416666666666
2022-10-03,10.516666666666667,60.00791666666667,0.0,1.8191666666666666,149.86166666666665,55.3025,97.075
2022-10-04,6.992916666666667,79.56625,0.0,1.09625,213.31791666666666,64.15375,286.0
2022-11-01,2.0591666666666666,97.49958333333332,0.0,2.1645833333333333,178.17499999999998,4.449583333333334,43.81458333333333
2022-11-02,4.049166666666667,89.0225,0.0,1.1208333333333333,251.1341666666667,16.00294117647059,153.73749999999998
2022-11-03,10.77608695652174,64.78478260869565,0.008333333333333333,3.154347826086956,157.8217391304348,46.76826086956522,91.87916666666666
2022-11-04,11.513333333333334,58.90083333333333,0.0,1.7854166666666667,117.72541666666666,77.49708333333334,287.85833333333335
2022-12-01,2.6366666666666667,100.0,0.041666666666666664,1.5200000000000002,222.30166666666665,2.544782608695652,90.25208333333335
2022-12-02,2.90375,85.98916666666666,0.0,1.4566666666666668,172.40875000000003,2.75875,180.3125
2022-12-03,10.53875,88.605,0.0,3.797916666666667,184.75875,34.30708333333333,91.38333333333333
2022-12-04,14.54391304347826,65.49173913043478,0.0,2.408695652173913,159.61652173913043,70.04652173913043,280.84583333333336
